Name, Theo_Area, Wet_Area, Theo_Vol, Wet_Vol
FuselageGeom,0.303787,0.261927,0.006251,0.005675
Propeller,0.096785,0.095364,0.002258,0.002258
Motor,0.014752,0.014752,0.000134,0.000134
Wing,1.074346,1.044652,0.017269,0.017269
H-Tail,0.250018,0.242849,0.000919,0.000919
V-Tail,0.093411,0.077504,0.000211,0.000185
Totals,1.833099,1.737047,0.027043,0.026448

Tag_Name, Tag_Theo_Area, Tag_Wet_Area
FuselageGeom_Surf0,0.303787,0.261927
Propeller_Surf0,0.096785,0.095364
Motor_Surf0,0.014752,0.014752
Wing_Surf0,0.471720,0.456872
Wing_Surf1,0.471720,0.456872
H-Tail_Surf0,0.095831,0.092247
H-Tail_Surf1,0.095831,0.092247
V-Tail_Surf0,0.057873,0.043205
Wing_Surf0,Flap,0.033247,0.033247
Wing_Surf0,Aileron,0.032206,0.032206
Wing_Surf1,Flap,0.033247,0.033247
Wing_Surf1,Aileron,0.032206,0.032206
H-Tail_Surf0,Elevator,0.029178,0.029178
H-Tail_Surf1,Elevator,0.029178,0.029178
V-Tail_Surf0,Rudder,0.035537,0.034299
