Name, Theo_Area, Wet_Area, Theo_Vol, Wet_Vol
FuselageGeom,0.303787,0.264218,0.006251,0.005746
Motor,0.013738,0.013738,0.000122,0.000122
Wing,1.031248,1.002203,0.015984,0.015984
H-Tail,0.198284,0.192436,0.000630,0.000630
V-Tail,0.104005,0.084227,0.000261,0.000223
Totals,1.651062,1.556822,0.023248,0.022714

Tag_Name, Tag_Theo_Area, Tag_Wet_Area
FuselageGeom_Surf0,0.303787,0.264218
Propeller_Surf0,0.000000,0.000000
Motor_Surf0,0.013738,0.013738
Wing_Surf0,0.440569,0.426046
Wing_Surf1,0.440569,0.426046
H-Tail_Surf0,0.067206,0.064655
H-Tail_Surf1,0.067206,0.064655
V-Tail_Surf0,0.055997,0.038254
Wing_Surf0,Flap,0.039521,0.039521
Wing_Surf0,Aileron,0.035534,0.035534
Wing_Surf1,Flap,0.039521,0.039521
Wing_Surf1,Aileron,0.035534,0.035534
H-Tail_Surf0,Elevator,0.031936,0.031563
H-Tail_Surf1,Elevator,0.031936,0.031563
V-Tail_Surf0,Rudder,0.048008,0.045973
