Name, Theo_Area, Wet_Area, Theo_Vol, Wet_Vol
FuselageGeom,0.466150,0.394472,0.012328,0.011010
Nacelle,0.064680,0.055163,0.001168,0.001051
Wing,0.838110,0.793176,0.015961,0.015941
Wing,0.838110,0.793176,0.015961,0.015941
H-Tail,0.396547,0.387703,0.001679,0.001679
V-Tail,0.160263,0.133136,0.000660,0.000579
Motor,0.016695,0.000340,0.000164,0.000004
Totals,2.780555,2.557165,0.047922,0.046207

Tag_Name, Tag_Theo_Area, Tag_Wet_Area
FuselageGeom_Surf0,0.466150,0.394472
Nacelle_Surf0,0.064680,0.055163
Wing_Surf0,0.730229,0.685295
Wing_Surf1,0.730229,0.685295
H-Tail_Surf0,0.141878,0.137456
H-Tail_Surf1,0.141878,0.137456
V-Tail_Surf0,0.091337,0.065871
PropellerDisk_Surf0,0.000000,0.000000
Motor_Surf0,0.016695,0.000340
Wing_Surf0,Flap,0.051986,0.051986
Wing_Surf0,Aileron,0.055894,0.055894
Wing_Surf1,Flap,0.051986,0.051986
Wing_Surf1,Aileron,0.055894,0.055894
H-Tail_Surf0,Elevator,0.056396,0.056396
H-Tail_Surf1,Elevator,0.056396,0.056396
V-Tail_Surf0,Rudder,0.068926,0.067265
