Name, Theo_Area, Wet_Area, Theo_Vol, Wet_Vol
Fuselage,21.196123,20.369224,5.294479,5.261506
Tire_MainGear,0.295224,0.053912,0.012268,0.002317
Tire_MainGear,0.295224,0.053912,0.012268,0.002317
Pant_MainGear,0.632388,0.590496,0.034849,0.033651
Pant_MainGear,0.632388,0.590496,0.034849,0.033651
Strut_MainGear,0.376570,0.260175,0.006645,0.004747
Strut_MainGear,0.376570,0.267015,0.006645,0.004872
Tire_NoseGear,0.205017,0.046629,0.007099,0.001670
Pant_NoseGear,0.521564,0.486497,0.023169,0.022348
Strut_NoseGear,0.183675,0.132650,0.002780,0.002076
Prop,0.259616,0.251782,0.001691,0.001691
Prop,0.259616,0.258931,0.001691,0.001691
Prop,0.259616,0.258828,0.001691,0.001691
Prop,2.970239,2.796549,-0.402368,-0.403043
Vertical,3.481873,3.295275,0.130525,0.127744
Wing,13.868874,12.197659,0.763785,0.694665
Wing,13.852010,12.180795,0.759052,0.690245
Horizontal,4.932746,4.743314,0.113121,0.112487
Totals,64.599333,58.834138,6.804238,6.596336

Tag_Name, Tag_Theo_Area, Tag_Wet_Area
Fuselage_Surf0,21.196123,20.369224
Tire_MainGear_Surf0,0.295224,0.053912
Tire_MainGear_Surf1,0.295224,0.053912
Pant_MainGear_Surf0,0.632388,0.590496
Pant_MainGear_Surf1,0.632388,0.590496
Strut_MainGear_Surf0,0.376570,0.260175
Strut_MainGear_Surf1,0.376570,0.267015
Tire_NoseGear_Surf0,0.205017,0.046629
Pant_NoseGear_Surf0,0.521564,0.486497
Strut_NoseGear_Surf0,0.183675,0.132650
Prop_Surf0,0.259616,0.251782
Prop_Surf1,0.259616,0.258931
Prop_Surf2,0.259616,0.258828
Prop_Surf3,2.970239,2.796549
Vertical_Surf0,2.364638,2.178071
Wing_Surf0,11.051932,9.380717
Wing_Surf1,11.034946,9.363731
Horizontal_Surf0,1.630360,1.550315
Horizontal_Surf1,1.630360,1.550091
Vertical_Surf0,Rudder,1.117234,1.117204
Wing_Surf0,Aileron,0.825752,0.825752
Wing_Surf0,Flap,1.991190,1.991190
Wing_Surf1,Aileron,0.825936,0.825936
Wing_Surf1,Flap,1.991129,1.991129
Horizontal_Surf0,Elevator,0.836013,0.821454
Horizontal_Surf1,Elevator,0.836013,0.821454
